Gene,logFC,AveExpr,t,P.Value,adj.P.Val,B
Vat1,0.184213793472967,7.17262295542013,8.28798063228752,1.070034869529E-08,7.14687794771515E-05,9.99260653382076
Ctsz,0.333876880184587,7.09523807468965,7.91662961868619,2.50855666820469E-08,7.14687794771515E-05,9.19020386375109
Gfap,0.208756445009218,8.03706905920813,7.98786108642311,2.12731657642084E-08,7.14687794771515E-05,8.99753350641472
Tyrobp,0.382796669786379,6.94576153965997,7.76850982508746,3.54178784996673E-08,7.5679151884164E-05,8.90089478510093
Gpnmb,0.630475947956829,7.09633979775054,7.49379284916358,6.76632308812505E-08,8.33049394803603E-05,8.24715742523356
Ptpn6,0.362879992522013,6.73943351070335,7.44544734525259,7.59043245475101E-08,8.33049394803603E-05,8.17590849256619
Cd74,0.463771079276287,7.25770357331208,7.46160771413686,7.3041113479607E-08,8.33049394803603E-05,8.07450714971433
Tgfb1,0.34239757889615,6.78863689347132,7.40003904909396,8.4579793132825E-08,8.33049394803603E-05,8.07359882545479
Itgb2,0.409775293003855,6.89205137348866,7.38476724922822,8.77201889930084E-08,8.33049394803603E-05,8.02712857380113
Rassf4,0.347156242701571,6.72899820189684,7.3150416806449,1.03645714430709E-07,8.85859921239266E-05,7.8761460974864
Cmklr1,0.546960525936024,6.47448509620119,7.25397765086193,1.20011615371304E-07,9.32490251435029E-05,7.54576814068917
Myo1f,0.455278442477726,6.59758424320122,6.90438222509266,2.80310730994739E-07,0.00017112970127228,6.88666062628618
Ltbr,0.218809382806917,7.00731154296384,6.91403408302884,2.73766852521566E-07,0.00017112970127228,6.84476431563849
Itgal,0.748790257865609,6.2688001010536,7.07209475410758,1.86242905064153E-07,0.00013265150913194,6.7277750392218
Dnase2,0.259917771965871,6.86890656068668,6.82834518990542,3.37775795881254E-07,0.00019246464849313,6.70158821160352
Ifi30,0.386608829629496,6.78555707732329,6.70524804684161,4.57481096085037E-07,0.00022979744411874,6.44091768728007
Cyba,0.41430669490316,6.62307591958488,6.6824994835315,4.8395390126798E-07,0.00022979744411874,6.38582775335512
Unc93b1,0.358573213874023,6.78100822960914,6.54944384160995,6.7331013072625E-07,0.00030073560455111,6.06474996026414
Irf8,0.475175833921522,6.44793078938965,6.52521379338799,7.15195086641528E-07,0.00030073560455111,5.92520206878916
Syngr2,0.157238081478092,6.87798336896438,6.47513019617008,8.1038089591695E-07,0.00030073560455111,5.82932225087084
Arl11,0.765313094268403,6.13640979751055,6.74936073891223,4.10272822953101E-07,0.00021916261361126,5.80011757507912
Spi1,0.412801008135907,6.55327325803393,6.43062422619394,9.05755798059356E-07,0.00030073560455111,5.77568298243497
Nfkb2,0.266365374047754,6.38979563214474,6.43105819212033,9.04772716079853E-07,0.00030073560455111,5.70883958571894
Fermt3,0.450418782559444,6.50189807058114,6.41060575928278,9.52305949363493E-07,0.00030073560455111,5.70176757031654
RT1-CE15,0.252521104547799,6.58528365528617,6.35995566811046,1.08126013434102E-06,0.00030073560455111,5.62541669547814
Tnfaip8l2,0.296197442694904,6.4233753555571,6.37031695310805,1.05350821638809E-06,0.00030073560455111,5.58814431637612
Axl,0.192784844395654,7.10356147176623,6.42382962729416,9.2129038481013E-07,0.00030073560455111,5.58563677869079
Fcgr2b,0.557778932131407,6.61770751125164,6.3459307385786,1.12001328819259E-06,0.00030073560455111,5.57971894418577
Vim,0.351400101046937,7.43045697358348,6.4578682175187,8.4609681711217E-07,0.00030073560455111,5.51770754173382
Cyth4,0.237492283831864,6.85131905023271,6.33596194435536,1.14841482573716E-06,0.00030073560455111,5.5072595020495
Hcls1,0.472879264822306,6.47553335447151,6.3315760602562,1.16114133031319E-06,0.00030073560455111,5.50054691612179
RT1-Da,0.735119524296178,6.59478981847295,6.30755869362731,1.23341915399589E-06,0.00030635426863338,5.4517791292995
Fcer1g,0.333621690648806,7.04931333947528,6.33324004650098,1.15629615185824E-06,0.00030073560455111,5.41144488680724
Arpc1b,0.341771619816826,6.91078118513394,6.28076871720469,1.31945538963785E-06,0.00031326070042318,5.35579510167117
Plek,0.348657366651358,6.56175813983951,6.18042774255477,1.69965815613542E-06,0.0003779810669102,5.19117465601863
C1qb,0.210425734188155,7.27306069466789,6.30081578798388,1.2545219845757E-06,0.00030635426863338,5.1832554099106
Tmem86a,0.228098937456412,6.59492836374105,6.14886919526093,1.84093599780715E-06,0.0003779810669102,5.11940166595859
Serping1,0.629003926655779,6.92632263304839,6.14458316961061,1.86102221658899E-06,0.0003779810669102,5.05968903582345
Sh3bp2,0.265607726953201,6.6966700909134,6.11811879787508,1.99007230735453E-06,0.0003779810669102,5.03079833290093
Plekha4,0.706598466235272,6.0252625677661,6.45022435085745,8.62420159928565E-07,0.00030073560455111,5.01540785332406
Stat6,0.136499166603969,6.84462479658671,6.13953118185264,1.88498404392111E-06,0.0003779810669102,5.01445141904255
Cd63,0.198574461295183,7.3127994369471,6.19030671561144,1.65773552436342E-06,0.0003779810669102,4.88267096234917
RT1-Ba,0.887922712634854,6.4162051952069,6.12630875097652,1.94919243168168E-06,0.0003779810669102,4.84929939456558
Blnk,0.30188051374571,6.69012214444372,6.03906385810611,2.43233819862573E-06,0.0004292441477959,4.84118220838833
Anxa3,0.156855226315497,7.26403575998879,6.16351153712245,1.77396103701931E-06,0.0003779810669102,4.83596115013473
Prkcd,0.291027334594182,6.74773450704191,6.03447878927009,2.4608591601731E-06,0.0004292441477959,4.81184108381647
Cd53,0.33949561714152,6.68508341746684,6.02128488684773,2.5448380504094E-06,0.00043501461633698,4.80163131390436
Eva1b,0.349035167749002,6.43692344006061,6.00622930840613,2.64422551804635E-06,0.00043818816261954,4.74144953898612
Sipa1,0.186200293983871,7.01716839412121,6.06589336615604,2.27204180899869E-06,0.00041317322003216,4.73942774039494
Sdc4,0.117976965490506,7.22732655305262,6.10678835334232,2.04806722385422E-06,0.00038053979483221,4.70911619951143
Aif1,0.232356291458,6.83015887696511,6.00301646454777,2.66593944731677E-06,0.00043818816261954,4.69189984608839
Vav1,0.590590058420124,6.16948491678055,6.1303092763929,1.92953489831988E-06,0.0003779810669102,4.68917891871427
Icam1,0.393532250436472,6.45394510304325,5.97815694683983,2.84018344785502E-06,0.00045801977224182,4.67742594973292
Csf3r,0.493670942719351,6.34484032046925,5.96594711861561,2.92994999089896E-06,0.0004637459735595,4.56462895317081
P2ry6,0.356221060528552,6.44250852922334,5.89815004444064,3.48340586571192E-06,0.00050462152430914,4.48763542517232
Irak4,0.224455589726613,6.20657488452907,5.94950448164797,3.05540082752503E-06,0.00047480928859738,4.45605151171357
Tnfrsf1a,0.320780636955958,6.84889069974036,5.90292564587826,3.44116229071495E-06,0.00050462152430914,4.44445726640873
Apbb1ip,0.181895146404623,6.7855402119314,5.86669682770693,3.77507560581254E-06,0.00053775952004799,4.36831826941439
Npepl1,0.183727239814723,6.77154221173421,5.8484997064868,3.95499886134642E-06,0.00054912664237866,4.32959859588985
Stat5a,0.269780661008283,6.32509329206649,5.81400441017207,4.32027399563817E-06,0.00058399814581575,4.24234304387031
Zfp217,0.381880257685429,5.97659551753495,5.90369275614579,3.43442521725805E-06,0.00050462152430914,3.98697167793124
Map4k1,0.341490640198561,6.22971990483054,5.74040155653642,5.21812326108972E-06,0.00066566118675423,3.98582236515776
Tcirg1,0.194328793298624,6.95582454638293,5.74778093675312,5.12016696215915E-06,0.00066306162159961,3.97490496822836
Fgd2,0.417557322778477,6.4113961101415,5.68759995970837,5.97665872745837E-06,0.00073164383558664,3.97238051027977
Aspg,0.983860668784631,6.13625668597968,5.91026612991917,3.37724046903287E-06,0.00050462152430914,3.95427852539756
Il17ra,0.140103848027134,7.00828769783602,5.74995426795939,5.09167379199115E-06,0.00066306162159961,3.94111080350414
Ncf1,0.467711970829258,6.6830839248279,5.65963554920326,6.42264689915576E-06,0.00074207232688571,3.92363387046815
Cd48,0.193998526843251,6.96445713948952,5.72891252500111,5.3744223274883E-06,0.0006755174651918,3.92154984366068
Psmb9,0.46275996550996,6.33787450353535,5.66289446199875,6.36898544546354E-06,0.00074207232688571,3.86978079627241
Grn,0.161184810078922,7.39737150652452,5.80927221006535,4.37298248885088E-06,0.00058399814581575,3.86636704135275
Pycard,0.56468842796874,6.01295798778659,5.84570719700272,3.98336864718351E-06,0.00054912664237866,3.85121730079033
Ssc5d,0.255598022602631,6.94099766154567,5.68659248395567,5.99216900562364E-06,0.00073164383558664,3.83713929773444
Lcp2,0.292731227448676,6.57466501231967,5.6146207746586,7.21240839661399E-06,0.00077055568207324,3.82315019292174
Inpp5d,0.171578833193372,6.9143662724294,5.66322131784381,6.36362850029531E-06,0.00074207232688571,3.7835661631039
Prkab1,0.127757961535714,6.87201289529457,5.62035823100194,7.10652277284714E-06,0.00076885379923448,3.69604284440428
S100a4,0.687157932938594,6.68945448901029,5.56103108419133,8.28179302997953E-06,0.00082389650843137,3.69477702764566
Irf9,0.165818013621544,6.84764322802767,5.59421476612302,7.60209899936464E-06,0.00079237975789719,3.64845309726843
Pld4,0.230633166912719,7.12648403450633,5.64537180590397,6.66294796403368E-06,0.00074931863484994,3.610829392457
Aebp1,0.237318856934924,7.19869834142782,5.65950121561862,6.42486863104513E-06,0.00074207232688571,3.60153518244517
Pdlim4,0.27815040800049,7.1447719627387,5.63953704224994,6.7638481251694E-06,0.0007507871418938,3.59169395686329
Tax1bp3,0.282010725253932,6.53471814545291,5.50043037222272,9.68564254915465E-06,0.00089981724856113,3.54792364291625
Tacc3,0.409077697693619,6.06542894886527,5.63332927768073,6.87289582550645E-06,0.00075311077718722,3.5446154366744
Mvp,0.27197956928874,6.95899900461793,5.54795053790348,8.56630843527507E-06,0.00083200270677609,3.47648274443513
Rnaset2,0.255445825673261,7.05017361758793,5.56181249728397,8.26510188021886E-06,0.00082389650843137,3.45029419297443
Akna,0.164213989198703,6.82377838006942,5.50930958149396,9.4658095779055E-06,0.00088905796112481,3.44773627228496
Ifngr1,0.116653961853591,7.21147213125381,5.60343620641609,7.42342926888153E-06,0.00078330925877938,3.4344402648361
Map3k11,0.075756603404225,7.08677676137688,5.56064488226312,8.29005495789145E-06,0.00082389650843137,3.39994372315326
RT1-Db1,0.789729480635969,6.52208448339619,5.44621289672293,1.11444550652737E-05,0.00101334739924214,3.39172515694462
C1qa,0.145031971245472,7.36435879452942,5.58664900661628,7.75193131480184E-06,0.00079826213189893,3.3094216356019
Cmtm3,0.553329784246476,5.92844207966412,5.64553396809053,6.66016554855625E-06,0.00074931863484994,3.3026869223725
Ptafr,0.230941689874471,6.73772304725446,5.4214280894786,1.18833591968419E-05,0.00106912706374113,3.28187113717005
Lyl1,0.469849342934231,6.00240465781374,5.5483840148656,8.55672347146248E-06,0.00083200270677609,3.25514370988841
Shc1,0.147777047460774,6.89294099700624,5.4462007414561,1.11448058416709E-05,0.00101334739924214,3.24336539643263
Cp,0.495041246791944,6.66192044574635,5.37314494675028,1.34678756043219E-05,0.00117459115091979,3.22384878992385
C1s,0.416235779600077,6.53913810914374,5.36182462052318,1.38692418815856E-05,0.00118540410361912,3.21196842873806
Dock8,0.287732652983217,6.64721712608,5.36895267393637,1.36151300330314E-05,0.00117543955951838,3.19742720290094
Rasal3,0.326255472564905,6.35270642078151,5.35119626016945,1.42570493091625E-05,0.00120648515292487,3.16364878074881
Lgmn,0.143757921690314,7.44482401419994,5.53230054114356,8.91972180395838E-06,0.00084777248001878,3.12960355924273
Ccdc102a,0.249764679255891,6.33719514604568,5.33565441476986,1.48439148766155E-05,0.00124292541970134,3.12733402838868
Irgm,0.333780070321431,6.36401182611202,5.33217736245167,1.497850921133E-05,0.00124292541970134,3.12193139597954
Arhgap25,0.163505705061174,6.81396037024432,5.37443020166201,1.34230532646581E-05,0.00117459115091979,3.11224443463688
Ifitm2,0.447643613125335,6.30257370733752,5.30557365584448,1.60498823644582E-05,0.00128204060344883,3.02180349052683
Mgst1,0.464723489597488,6.29784048290177,5.27181881163645,1.75211815404658E-05,0.00134282816814884,2.93800554591836
C1qc,0.197427136924752,7.1337212655903,5.38651719530334,1.30088193888728E-05,0.00115819145121558,2.93748916825057
Clu,0.083853759922938,7.95185096021266,5.53198256452364,8.92705314165099E-06,0.00084777248001878,2.92494783667572
Hmox1,0.572256439894338,6.56076538460549,5.22535832847058,1.97712219480778E-05,0.00144431311102753,2.88100734535824
Tnip2,0.270283065066423,6.41420073111285,5.21918611802885,2.00912741902742E-05,0.00145525525851079,2.86450637423702
Cntnap4,-0.189899271141527,6.63570798626984,-5.226183858532,1.9728806139837E-05,0.00144431311102753,2.82234816776486
Tbxas1,0.581108245248396,6.05792610840994,5.32458695024314,1.52766191796701E-05,0.00125547369354462,2.81276168551397
Hck,0.602724121328372,6.09758397335199,5.27640116917302,1.73137370218995E-05,0.00134282816814884,2.7473115529363
Inppl1,0.0883539873552294,7.20968046127896,5.31442198774638,1.56852340569019E-05,0.00127111101293979,2.68903875959069
Cxcl16,0.476439510485959,6.50406890768119,5.14424912347882,2.44195554257812E-05,0.00169686130263538,2.68430711102909
Necap2,0.0940745632780687,7.10384106227293,5.27016993091058,1.75964379118603E-05,0.00134282816814884,2.64427931582766
Tfrc,-0.119025328891611,7.26719496124978,-5.31248510037925,1.57643345468138E-05,0.00127111101293979,2.64131322456576
Lgals3bp,0.218884833782104,7.07300309012538,5.25144313207772,1.84743436978208E-05,0.00138508961039714,2.63400657333018
Tnfaip2,0.455681766242459,6.06999151298371,5.21186870685581,2.04774751141678E-05,0.00147076453614111,2.62137405234863
Jak3,0.200423378918885,6.80307577867109,5.16594540641192,2.30778424100472E-05,0.00161677310720224,2.59479680479
Psmb8,0.663984591646395,6.06352253166117,5.23079692233757,1.94934675086709E-05,0.00144431311102753,2.58952755239766
Capg,0.653237849746859,6.61661161361963,5.09900549880651,2.74753424316149E-05,0.00186374406161121,2.57011020475918
Ifi47,0.628274571389898,5.89681120358676,5.29918743438136,1.63183626692536E-05,0.00129141709013065,2.50699845944537
Ung,0.573510670084144,5.87706133843915,5.2897346221292,1.67240954968384E-05,0.00131138389184842,2.49097947482939
Arhgdib,0.269621846501637,6.88335902283474,5.14006124496196,2.46874364813589E-05,0.00170164128714657,2.48720858880215
Cd9,0.112220273651353,7.32424061337597,5.25741336608423,1.81897723025431E-05,0.00137582286610474,2.47751976977203
Abi3,0.242277044052929,6.5660193167381,5.03469793422702,3.24922939439157E-05,0.00213624335645114,2.39157800599256
Arhgap9,0.444266417426806,6.20467868037978,5.02958182013324,3.29289330300938E-05,0.00214842435578788,2.32728569364134
Frmd8,0.120651024713272,6.91056512386341,5.08213813871609,2.87105617312264E-05,0.00193219819777002,2.29975018867302
Fdft1,-0.0722744259572669,7.33289123626734,-5.19166047567616,2.15833034632813E-05,0.00153727078917221,2.29279675644349
Ostf1,0.175392780144093,6.60976757323512,4.98359605124762,3.71279908963014E-05,0.00236815625515439,2.24046924381304
Stxbp2,0.391886595483862,6.26724596096654,4.97420781720231,3.80492407538382E-05,0.00240893970905966,2.23779000920466
Gna15,0.347485023254281,6.37166572218251,4.95616504096974,3.98846728548901E-05,0.00247528276217994,2.22543532180775
Ifi44,0.275891232379392,6.45301595774972,4.95450093060086,4.00583699246548E-05,0.00247528276217994,2.22202362789114
Zc3hav1,0.274346181894531,6.32932018816604,4.9489456627272,4.0643735817538E-05,0.00247528276217994,2.2043298183311
Rac2,0.447253191832446,6.46493505810041,4.93210822251746,4.24708814979993E-05,0.00247528276217994,2.17025830569581
Apobr,0.264883539318368,6.21841772879009,4.94216682315371,4.13696727015596E-05,0.00247528276217994,2.1535368171651
Emilin1,0.179475392890638,6.59052692800909,4.93119387130119,4.25724307991635E-05,0.00247528276217994,2.11871415011696
Lrp10,0.0841246046509594,7.25074865494526,5.10256862277526,2.72213236999611E-05,0.00186128522930854,2.11664185099714
Dse,0.286399524245349,6.34895025090857,4.90469031321208,4.56242354079937E-05,0.00256546276336922,2.10110485811963
Gprasp1,-0.0675909903441535,7.63368785745517,-5.16667900285284,2.30337961191297E-05,0.00161677310720224,2.09509490247446
Laptm5,0.187684631219157,7.16842916239661,5.04205827624556,3.18743026717673E-05,0.00211185786771779,2.02479149264933
Sh3tc1,0.325640098291672,6.27894846724716,4.87796616056991,4.89236952975389E-05,0.00269774724972945,2.02143126483271
Vasp,0.151297482101747,6.87119651208426,4.9560895343317,3.98925377162694E-05,0.00247528276217994,2.00844201310831
Lap3,0.115167343459569,7.32460348585759,5.06227358601088,3.02370605446601E-05,0.00201903247246258,1.97239526055129
Cebpd,0.319366985170247,6.87951649816808,4.91143892405918,4.48269276719943E-05,0.00254642614321465,1.91583104645998
Cd180,0.344419219333321,6.48522368631053,4.82823067148336,5.57144346644065E-05,0.00301386881694103,1.91152517404315
Scamp2,0.141918046426909,6.92018210830756,4.93148056548612,4.25405638967287E-05,0.00247528276217994,1.90990434422128
Sp110,0.307124198500336,6.38197543080672,4.82175420499014,5.66655995427338E-05,0.00302700549557341,1.90388577610591
Nckap1l,0.21788364839591,6.87449018110959,4.9115806967565,4.4810328821616E-05,0.00254642614321465,1.90200020601466
Flnc,0.344834284174887,7.04106443411814,4.94668513369934,4.08843810254322E-05,0.00247528276217994,1.89610118611696
Slc14a1,0.191662288580091,6.90497084120771,4.91006799407493,4.49877556599289E-05,0.00254642614321465,1.87223198932667
S1pr3,0.493144050191877,6.70260446937022,4.833841087125,5.49034022133191E-05,0.00298891324023719,1.86584903146077
Stat1,0.128092248142292,7.08390638658284,4.95012853437993,4.05183799446343E-05,0.00247528276217994,1.83764315234954
Tln1,0.098332408413373,7.35116308521818,5.01201238501691,3.44737879975344E-05,0.00221539448131523,1.82602300324527
Parp14,0.315439334217234,6.29430630930165,4.78411287857872,6.25247772376888E-05,0.00319999563503309,1.80413814674684
Pygl,0.330783188078855,6.06961350537599,4.82464369990724,5.62392408536169E-05,0.0030231244753199,1.78750163119493
Sh3d21,0.425725943145322,5.91674170314246,4.89894496183856,4.63142135674609E-05,0.00258723910693522,1.78235335705728
Rin2,0.0851694909301981,7.10064744629304,4.93392889307978,4.2269398130357E-05,0.00247528276217994,1.77901864913077
Unc13d,0.310075968949765,6.28550309987767,4.76682538653755,6.54153819972322E-05,0.00328885452900202,1.7616699211124
Pmp22,0.0850552364940712,7.19303506691973,4.93582990948132,4.20600467233492E-05,0.00247528276217994,1.72107663161275
Sash3,0.381077870568208,6.12423458175079,4.7753248243276,6.39778634700564E-05,0.00325487380403912,1.70637264038322
Myd88,0.290499142394978,6.51058350870992,4.74386679983036,6.94620804548643E-05,0.00341202529682601,1.69446177190513
Arhgap30,0.442635014063319,6.22007124293316,4.75137397043441,6.81120203614712E-05,0.00337807883357538,1.69394899738941
Gnai2,0.0644866551411058,7.68124415194947,5.01754140611918,3.39799359664025E-05,0.00220020085382456,1.69304870227906
Evc2,0.318919968514357,6.03124307987656,4.79353290019065,6.1003870686003E-05,0.00314096435393535,1.68981552288481
Arhgap27,0.186327384395532,6.46843685430364,4.73747073566803,7.06334299863396E-05,0.00344973672053283,1.68436161070457
Fuca1,0.109878043561713,7.20891996841933,4.92272080241905,4.35251288640612E-05,0.00251357619189953,1.67946844138364
Gsdmd,0.161541039218546,6.48755901241695,4.70910753153977,7.60705317648102E-05,0.00364445902819894,1.60742371723988
Ptbp1,0.122815286002124,7.07777510808337,4.85570025103046,5.18547347366281E-05,0.00284104113970487,1.5981443221763
Stk40,0.124144738599681,7.18632437269431,4.88206049013615,4.84030889028141E-05,0.00268637143410618,1.59085639775267
Tmem255a,-0.17566813791169,6.48901553399925,-4.69328338861306,7.92838750569975E-05,0.00373270856387553,1.55825992244311
Pde5a,-0.2146858409422,6.22101437411819,-4.65364479938207,8.79415555030648E-05,0.00397691256552749,1.49213019047498
Slc12a4,0.116208731876053,7.08527854973844,4.8085801137503,5.8650908335535E-05,0.00305664215575499,1.47047311494064
Ctdsp1,0.114785200058105,7.17795987270988,4.81587831495704,5.75426290084675E-05,0.00302974254858542,1.42431631406679
Grik1,-0.149191964058302,6.52599617467246,-4.64421907094141,9.0135655716596E-05,0.00403345261471071,1.42020943042565
Gbp2,0.670055129458942,6.38363924507142,4.62180090196315,9.5576358645161E-05,0.00412571281484945,1.418001186415
Parp9,0.3275789675625,6.51650669149944,4.62742950645502,9.41802499377321E-05,0.00408608424476039,1.40962572414016
Psd4,0.44167722343205,6.01723136013566,4.6780144742868,8.25130759341087E-05,0.00381210410815582,1.40138753756128
Gltp,0.0828507843642309,7.21528358982548,4.81430156882227,5.77802779243504E-05,0.00302974254858542,1.39260107562755
Reln,-0.137588406073051,7.18154717907312,-4.80158704588968,5.97329047554098E-05,0.00309416446633023,1.37302066282115
Creb3l1,0.187592876484861,6.69784826499477,4.64798255299911,8.92531157871119E-05,0.00401498095069708,1.34952787465082
Plin2,0.357997899664552,6.68493527462655,4.63194004448548,9.30761821420984E-05,0.00405878637126794,1.34502515344699
Cfh,0.147717066545484,7.10760867235914,4.75799895210283,6.6942439101147E-05,0.00334594752630119,1.32830972733407
Fkbp10,0.226282774224706,6.68598089198656,4.63398910846524,9.25789023440006E-05,0.00405780450427781,1.32770704241434
Ikzf1,0.429283448351349,6.01689710579459,4.63551997931723,9.2209113965975E-05,0.00405780450427781,1.31156086088531
Plcb3,0.147536780590236,6.89138330130257,4.68870488339646,8.02386826519087E-05,0.0037475410963162,1.31047817231665
Ddx54,0.0831858270864568,7.15821140136896,4.7673024487007,6.53338461743267E-05,0.00328885452900202,1.30872784787857
Myo7a,0.453664888850666,6.07503807914283,4.61401643050153,9.75413318938107E-05,0.00416547792401913,1.30231030548381
Tap1,0.283693536484975,6.53937228731879,4.58284328186052,0.00010582273183224,0.0043490799469305,1.28638674263802
Itpkb,0.134324478779516,6.99294112398549,4.70782532875168,7.63259817535522E-05,0.00364445902819894,1.28226003713113
Pi16,0.262563065753673,6.44582810942186,4.5645823498135,0.00011099615969062,0.00449526521656482,1.27154990360333
Mmp19,0.60160243037895,5.98500628065423,4.63655957188075,9.19588376064309E-05,0.00405780450427781,1.24827890024886
Lhfpl2,0.149377600664788,6.99988018546689,4.69231738933946,7.94843756435411E-05,0.00373270856387553,1.23932649979765
Mxra8,0.198998563163652,6.66462079955153,4.59273891544001,0.0001031205293353,0.00429937153282362,1.23351905887944
B2m,0.107112188200397,7.68770301548474,4.81886877626191,5.70945896208103E-05,0.00302974254858542,1.17580323607374
Gusb,0.202329847261357,6.50502807456356,4.52810538030474,0.0001220979801201,0.00487650203778767,1.15800511787913
Tmco4,0.251042364843629,6.19782592905158,4.51111422251881,0.0001276408172409,0.00502740122100482,1.14368136962415
Oasl2,0.406491252377475,6.17606642318629,4.51479609726813,0.00012641880886947,0.00500232203429333,1.13512204490575
Klhl6,0.350539516169033,6.06149591702438,4.53505714004274,0.00011989998721247,0.00481119807842725,1.13129372869666
Rab13,0.188772257577582,6.78709232954193,4.58278333376361,0.00010583931542781,0.0043490799469305,1.12362154704472
Cib1,0.170000065757182,6.74271802224811,4.57030776335857,0.00010934751830874,0.00445044399516607,1.12071854966004
Rab3il1,0.195863976825076,6.5281956762402,4.50927905552969,0.0001282542971402,0.00502839209934566,1.10059270625457
Gpx1,0.146733352156557,7.13213808924189,4.67091039077112,8.40600086612197E-05,0.00383686798618451,1.08653104233327
Arhgap17,0.137510130748996,6.77105653148466,4.56284723263953,0.00011150066993234,0.00449526521656482,1.07738234656498
Nek6,0.127247240998423,7.1589558981885,4.6719982686798,8.38212539872096E-05,0.00383686798618451,1.06790366351691
Gad1,-0.0803475149076454,7.44522329836176,-4.73496643099199,7.10974243941021E-05,0.00345266867213858,1.05283332675291
Coro1b,0.0471500166796776,7.38064731079224,4.71972305656799,7.39882095367186E-05,0.00357275269440866,1.04900597351667
Ifitm3,0.569199713889769,6.49780364834513,4.46800710789079,0.00014285464002892,0.00535516933476866,1.04567038552022
Csf1,0.134259229648104,7.0260537025329,4.61975146515226,9.6089814820678E-05,0.00412703340337857,1.03144349296384
Pth1r,0.210332260320002,6.51421915055193,4.47551494325821,0.00014008063742395,0.00532119648027783,1.02514056711678
Mid1ip1,0.0766955141000153,7.31243095436844,4.69278866533619,7.93864954224793E-05,0.00373270856387553,1.01932420834887
Carhsp1,0.13209324031516,7.24448210387469,4.6693854359085,8.43958326199471E-05,0.00383686798618451,1.00445684742413
Ankrd13a,0.068140715172896,7.29199750076011,4.67999314555853,8.20873048163137E-05,0.00381210410815582,0.997674091515679
Aprt,0.128122484664965,6.98705213385281,4.58980280615733,0.00010391502561728,0.00431146467937342,0.983564383135663
Slc19a2,-0.125792424926819,6.65745971946996,-4.49852142924848,0.00013191005490818,0.00507853711396521,0.97904198434221
Chst14,0.36237683354034,5.67682054335669,4.63713019066947,0.0000918217527875,0.00405780450427781,0.955876340788195
Il10rb,0.260867526442781,6.37216255629366,4.42407105570721,0.00016022065492327,0.00587727870227153,0.946261034714381
Ctsb,0.0676086253423217,7.84009707343963,4.7498957674637,6.83757620461612E-05,0.00337807883357538,0.934497513561322
Nlrp3,0.366343503154867,6.11167266875365,4.42786194827987,0.00015864285556027,0.00586978565573017,0.91376087955781
Mapkapk2,0.0871724365393355,7.11117528468289,4.5977479680852,0.0001017790787483,0.0042642440493223,0.905667690763635
Skap2,0.253703601867306,6.62447702117819,4.43154603544099,0.00015712433294933,0.00583887684225214,0.863116820221657
Bag3,0.177757681572234,6.92410809511322,4.51639320441923,0.0001258923656539,0.00500232203429333,0.850307164806512
Nod1,0.178898146492564,6.54633282652607,4.40849069797391,0.00016687103031849,0.00605508966464925,0.840924272055866
Syt2,-0.29871741319926,6.06226261861237,-4.3892431205642,0.00017546719964148,0.00624882564723223,0.832547498575018
Bcl7c,0.150399839592077,6.56501242168697,4.40775147131722,0.00016719330301359,0.00605508966464925,0.825951292812444
Slitrk6,-0.536046689048418,5.56528718687751,-4.61237947564749,0.0000979596422988,0.00416547792401913,0.823706162242774
Gpr84,0.247249431100168,6.60161382877297,4.40275076520031,0.00016938973477428,0.00610875132116383,0.804627277806459
Nxph1,-0.140624536629859,6.80572253735871,-4.46880312704049,0.00014255795099952,0.00535516933476866,0.796797520040181
Hmgcr,-0.0836804870364553,7.29813777910551,-4.60443698286253,0.00010001485524781,0.00421097028474418,0.791916973390277
Ube2l6,0.464904344743371,6.02229714585301,4.39496210984398,0.00017286802509844,0.00620799584250577,0.780245530474863
Id3,0.166676975470096,7.01459478919393,4.5052829043947,0.00012960036374339,0.00504370597484372,0.751072565488129
Pttg1ip,0.0783637842615494,7.35691252450399,4.57133974567805,0.00010905296752176,0.00445044399516607,0.680362870368571
Tssc4,0.0903822024572588,7.02809539780138,4.48226568857767,0.00013763222600501,0.00525152962350396,0.672495245077211
Reep4,0.167550988400576,6.24188072357311,4.29645951667101,0.00022349645486364,0.00761045497896233,0.650014892707979
Kcnd3,-0.126633659150994,7.08721638888562,-4.49139059762657,0.00013439038293542,0.00515082781591511,0.639502961649043
Slc6a1,-0.0598838562212382,7.67351517696868,-4.60527121109746,9.97969806331823E-05,0.00421097028474418,0.62124386731845
Rab7b,0.256392232703264,6.3851433904394,4.27233933516981,0.00023799039409127,0.00795900089582611,0.578819366137617
C3,0.239764926126899,7.30213615786335,4.50461968555182,0.00012982512161759,0.00504370597484372,0.55769529167332
Mapkapk3,0.198486027327022,6.78710509454961,4.35654466078231,0.00019109222337467,0.00669370997206291,0.552975528604247
Snx20,0.476279052771791,5.70489411450152,4.42492073373882,0.00015986565936649,0.00587727870227153,0.544605055044487
Scpep1,0.116603949780897,7.06572770777255,4.4320542529708,0.00015691599274621,0.00583887684225214,0.518034740273958
Ifih1,0.261060408655036,6.18012539051857,4.23855836848189,0.00025987047023724,0.00835004853051766,0.507896086515723
Ninj1,0.131015113957471,6.77651086981013,4.33815537512743,0.00020047957144015,0.00690926974636682,0.504757185973809
Slc4a10,-0.0947011764194122,7.36581134088954,-4.50038382524203,0.00013126980451584,0.00507675574297245,0.485445170039063
Pros1,0.196396996162844,6.57432986658891,4.26247784113286,0.00024418155105406,0.00808922370875615,0.466349535468271
Psme1,0.150615591139927,7.07051420864604,4.40787450329497,0.00016713962314998,0.00605508966464925,0.457023272091546
Hmcn1,-0.316692385221672,6.09713481963265,-4.21531606463012,0.00027607213427435,0.0086749578369225,0.446623669263867
Kcns3,-0.172114833829918,6.49203296664685,-4.23936982959211,0.00025932219237199,0.00835004853051766,0.437770328237286
Eif2ak2,0.13570818518023,6.75715538276624,4.29465740410651,0.00022454836889217,0.0076159321782596,0.410657388575222
Trim5,0.198064454594761,6.51108720521299,4.2216066707738,0.00027159075289992,0.00862931659864551,0.401894583784738
Plxnb2,0.0836039939790012,7.41550235600256,4.47114454027352,0.00014168882284201,0.00535516933476866,0.391420761595359
Cd37,0.372563830573168,6.48025048775348,4.20261114994608,0.00028534780010561,0.00883647698370549,0.388846922618513
Was,0.548936672654232,5.88444785316207,4.26594716926122,0.00024198545062466,0.0080476639941208,0.385101952545513
Hspb8,0.230134790819171,6.90489867906059,4.3079731840792,0.00021689037143331,0.00741504801856218,0.343770344446404
Bco2,0.224721184095794,6.45381919439395,4.18542749167522,0.00029838657571398,0.00908547592286055,0.343667429968685
Mcm2,0.294139217527176,6.45048907303906,4.17672432201871,0.00030521398157818,0.00921789364151511,0.329969683113867
Clic1,0.352374713996344,6.87417148752734,4.27612538579658,0.00023565508753995,0.00795900089582611,0.313698683649332
Dpp10,-0.183408826237746,6.49130036459331,-4.18767413819635,0.0002966488567842,0.00908547592286055,0.31128983327449
S1pr2,0.209733088916389,6.35847887357484,4.15740316388357,0.00032092904009103,0.00962449300230915,0.307592834060745
Bak1,0.163779978887769,6.75819016843131,4.24361648443519,0.00025647152965879,0.00835004853051766,0.285627036577821
Thsd7a,-0.217864392363317,6.73554360589895,-4.23501672588655,0.00026227693657945,0.00836535513587222,0.263231336980986
Lyz2,0.308939832226541,7.07865019562176,4.32099326039339,0.00020965341913175,0.00719641676031773,0.258604720565031
Alcam,-0.0987747905093626,7.25514382414206,-4.38668955683396,0.00017664026804247,0.00626449946456021,0.256751271799119
P4ha1,-0.0916613892854205,7.1584245815539,-4.35897269523066,0.00018988587811167,0.0066788255153107,0.248936826073976
Ptprc,0.511175494188471,6.41536962718411,4.12749464915333,0.00034684939192233,0.0102578607361943,0.241769350068031
Abcd3,-0.0545449128277355,7.32676095016714,-4.39083330875022,0.0001747406107997,0.00624882564723223,0.225342156463965
Galns,0.224913535203849,6.27797462995554,4.11547979898172,0.00035783620459388,0.0103474367602232,0.223574835912103
Timp4,-0.125760000180522,6.72161798501816,-4.21549345918796,0.00027594476064243,0.0086749578369225,0.222000521637785
Eya2,0.810070467438952,5.63969749572276,4.34672021946075,0.0001960516891843,0.00681160076202528,0.209244169734616
Tmem132d,-0.177183505642385,6.46568452322109,-4.13011833133311,0.00034449498207564,0.0102236062909742,0.184880123773608
Afg3l1,0.100849429718239,6.92149262342109,4.25435765186016,0.00024939930198318,0.00823017696544496,0.176523288239694
Rhog,0.0780346058734431,7.23882310016556,4.34734023431949,0.00019573495154629,0.00681160076202528,0.174472455414906
Snx18,0.0891905415278565,6.9870863848158,4.27328091683465,0.00023740747144927,0.00795900089582611,0.171479617619307
A3galt2,0.428804043593308,6.38001872837757,4.09269013516714,0.00037963035057646,0.0107939827161374,0.160142016185001
Mx2,0.487883425653861,6.60554338159706,4.1224808495479,0.00035139300186649,0.0103208109517282,0.151714327590873
Naaa,0.195959905961443,6.63307578242653,4.14779944598325,0.00032903588305722,0.00983311081290248,0.144354376997108
S100a3,0.577561890127306,5.99852062603241,4.11630343063135,0.00035707217379149,0.0103474367602232,0.141394422886721
Eif4ebp1,0.248684143408539,6.54784021768034,4.10618733379521,0.00036656911613523,0.0105136450859323,0.104888412441068
Vamp8,0.21306049450602,6.48291075265596,4.09218087641504,0.00038013206944628,0.0107939827161374,0.102284616265234
Ubtd1,0.137226356654345,6.60089407980776,4.12417140704361,0.00034985443896159,0.0103110547924302,0.100349961416111
Baz1a,0.257546949874636,6.21856248506807,4.05964038563604,0.00041358771668532,0.0115520725964362,0.0970863719839858
Zc3h12a,0.407552003196132,5.89682825960178,4.10739110723856,0.00036542604881914,0.0105136450859323,0.0860463253878905
Pald1,0.157396453120161,6.53425360188576,4.09409061080676,0.00037825398439159,0.0107939827161374,0.0720334043831352
Efs,0.112768304480765,6.92617981326717,4.21270161158623,0.0002779561507229,0.00867951004119159,0.0687296505092299
Cd44,0.53741821713226,6.7451025004281,4.11499383877257,0.00035828775760662,0.0103474367602232,0.0581362124143858
Nelfe,0.0913099961749519,7.00975057014577,4.23497658466335,0.00026230433794474,0.00836535513587222,0.0564143374666131
Adcy4,0.364591990827678,6.37631719710364,4.04515341046359,0.00042940307776559,0.0119024672169832,0.044656279364645
Alox12,0.526112864211856,5.7686017999503,4.14573650184661,0.00033080357075677,0.00985149170473221,0.0445606233192297
Rplp0,0.0700904026775565,7.68092634332787,4.37821775810755,0.00018058824574391,0.00637804849741011,0.0357913658130666
Il17rc,0.291793514222619,5.91527406427271,4.06941916617881,0.00040323912815958,0.0113745373873925,0.0311285463318756
Cdc42ep1,0.1069856614559,7.09666419196226,4.25040480571292,0.00025197915428101,0.00828333012169157,0.0293849153094516
Nfkb1,0.0695823044539807,6.98717055472862,4.21229816889973,0.00027824801114853,0.00867951004119159,0.0146029549562154
Fxyd5,0.255038275261883,6.94232391188616,4.18459073241923,0.00029903636081973,0.00908547592286055,0.00703205129994711
Cnn3,0.132918469223788,7.54440776142048,4.33984194162892,0.00019959985455784,0.00690680144496331,-0.0030993186721533
Hspa2,0.135121222191599,7.04772696394373,4.20506128126353,0.00028353526554648,0.00881227605318476,-0.0442987958055596
Stard4,-0.140155354882583,6.53427988934933,-4.03707756267398,0.00043847730840754,0.0120503715593546,-0.0838356258973576
Kcnc2,-0.145213016320995,7.05071534503621,-4.19494884260742,0.00029109060129529,0.00898177389628468,-0.0896224092216169
Dnm2,0.0482148139832294,7.43703673948155,4.27169802824355,0.00023838823322001,0.00795900089582611,-0.13402630374344
Anxa2,0.459193160086755,6.57984738674187,3.98990228375867,0.00049539582024791,0.0130683582582065,-0.160100623231235
Grip1,-0.0822198983263795,6.89751693744337,-4.11735382707599,0.00035610012937098,0.0103474367602232,-0.163090382238679
foxj1,0.335850226378737,6.54601293686995,3.98553407841785,0.0005010212365877,0.0131356702733593,-0.175702883899907
Mob3a,0.136496439809032,6.76087229090307,4.06045344147863,0.00041271737118397,0.0115520725964362,-0.178276531280655
Scara3,0.0874858232581075,7.38663423824009,4.24127358921066,0.00025804038425255,0.00835004853051766,-0.183809012799544
Plod3,0.0779123402129105,7.10608216677387,4.16473189095468,0.00031487596341302,0.00947621429327868,-0.199019689908424
Mpdz,-0.0827828128675657,7.40532467461568,-4.24034205821728,0.00025866680009428,0.00835004853051766,-0.203304883048581
Sh2b2,0.315294900525844,6.24719377914394,3.92855009449384,0.00058043980341023,0.0147211246283302,-0.207130646214377
Erbb4,-0.263333236421344,6.37296925776294,-3.94642837061752,0.00055427210890917,0.014183723697146,-0.212449045251454
Rpl18,0.0881084987832037,7.35640935052078,4.21763366115845,0.00027441262818477,0.0086749578369225,-0.227580920330335
Sdf2l1,0.141828389837941,6.75216678016935,4.03291842176687,0.00044322426202442,0.0121398416918048,-0.239124122576245
Ptprt,-0.187054983681041,6.71647334746911,-4.02674215826284,0.00045036721888275,0.0121698185373519,-0.243230562143769
Syk,0.182684635778621,6.57160957569352,3.97039385568027,0.0005210110750477,0.0135194308376523,-0.250890537934116
Stat3,0.161051476057285,7.26823960416041,4.18365265427734,0.00029976649236535,0.00908547592286055,-0.254582257958073
Tal1,0.229321287640889,6.09264124736723,3.90596616316894,0.00061524057166472,0.0154207072317256,-0.261831992980674
Ctsd,0.0969918952430379,7.71945937513892,4.24496902682422,0.00025557014969199,0.00835004853051766,-0.321274967506347
Tfeb,0.0900133866992861,6.81672443772815,4.00787526707372,0.00047289855874905,0.0126704200051039,-0.360746385060563
Il10ra,0.301709134570662,5.97113589828299,3.87427731547314,0.00066755908863638,0.0163954814096987,-0.365070239375507
P4hb,0.064460639689171,7.46644530061959,4.18448640880235,0.00029911747153476,0.00908547592286055,-0.370201277921509
Lgals1,0.293518443289269,6.76094570496127,3.96967037186444,0.0005219857466275,0.0135194308376523,-0.375601197146842
Fcgr3a,0.563964428811027,6.17285653898843,3.84557405486922,0.0007187122708036,0.0170161600514083,-0.397164716781861
Tyw1,0.0972517469797112,6.82093524672735,3.99196726419352,0.00049275825841426,0.0130683582582065,-0.402961806392069
Hspb1,0.547644103939657,6.89619269484928,3.9706745564235,0.00052063340076321,0.0135194308376523,-0.409194255202585
Zfp703,0.140992263462834,6.96749347616565,4.03030812981556,0.00044622935522325,0.0121398416918048,-0.420619442181847
St18,-0.207372453976387,6.72647799118576,-3.95658291986814,0.00053993075079213,0.0138582226036649,-0.424320338486535
Stk10,0.131822146853997,6.77831540601315,3.9667417627456,0.00052594955131469,0.0135809390183888,-0.426046252103987
Nfe2l2,0.128939278586008,6.87965235892573,3.99090216370159,0.00049411695680482,0.0130683582582065,-0.449394157346255
Tifab,0.345406272062983,6.24951910864847,3.82056826579881,0.00076640369120464,0.0177039252668273,-0.455640172911617
Lcp1,0.212223869446999,7.06565080491131,4.04248688073749,0.00043237855321365,0.0119210951429583,-0.457397116114389
Rhoc,0.171223489904321,6.99939719814317,4.0238570739772,0.00045374271014559,0.012195405483064,-0.458211203231313
Nt5dc2,0.273178041749221,6.47153763671629,3.85371282703694,0.0007038286293709,0.0168978182450369,-0.459400761496635
Plscr3,0.09114535616471,6.81115603752,3.9610939327778,0.00053367776221407,0.0137389874507339,-0.472543115024126
Rnh1,0.100410392051037,7.13318066465203,4.0630298717538,0.00040997133908042,0.0115263981418433,-0.474399782206973
Abhd4,0.0724392252683608,7.33963698119899,4.11492390290582,0.00035835278823283,0.0103474367602232,-0.481188611202309
Sbno2,0.153040483449836,7.1354344080245,4.05281522371858,0.00042096567802682,0.0117198490231117,-0.494400092611595
Lhx6,-0.137014796324011,6.41577251557734,-3.82601064871527,0.00075576601719473,0.0176489949425229,-0.522202722645202
Isy1,0.124360688858845,6.64467095691463,3.87621129804264,0.00066424426404875,0.0163610827804748,-0.542624396071128
Plcd1,0.122608650544636,6.98519669749352,3.98763648665699,0.00049830591164212,0.0131046788517085,-0.544458147590157
Vegfa,-0.0757004837287303,7.32689043933558,-4.08581081202793,0.00038646349826529,0.0109374288730911,-0.554698120748542
Tsc22d4,0.122906900902169,6.63844825490242,3.86346683150257,0.00068639009399796,0.0167138921179505,-0.569848530459695
Itga6,0.0764097251492115,7.14544262745753,4.02588553773226,0.00045136685109869,0.0121698185373519,-0.580228182827671
Dap,0.173748849576705,6.75261711065483,3.88291862040508,0.00065287300140598,0.0162212370436539,-0.605995880417615
Arid5a,0.215437539960596,6.65390639642932,3.84751110157761,0.00071514210910969,0.0170161600514083,-0.606278710693982
Mad2l2,0.131577498610285,6.55324772862261,3.81906748689206,0.00076936290078365,0.0177243792803177,-0.612521598311643
Fgl2,0.529160453088948,6.21879390741978,3.7442367067108,0.00093203929374063,0.0206912723210421,-0.622491035171477
Trip6,0.187525358178727,6.60897893911932,3.82456352114745,0.00075858032568712,0.017663892299824,-0.632274968126917
Ucp2,0.0772885618779096,7.29442680340993,4.044338431517,0.00043031032760592,0.0119024672169832,-0.632765546320508
Igtp,0.318914071190713,6.34937697577452,3.75053328502754,0.00091714131101874,0.0204135593366593,-0.643828188989996
Ghr,-0.147109879137322,6.52146344375426,-3.79448596515824,0.00081946066516507,0.0187270863774489,-0.66451366616709
Mafb,0.420796645774626,6.19405011104709,3.72012498624194,0.00099131435600027,0.0216141933692203,-0.676913173274827
Lrrc4c,-0.0797131138486725,7.13239659876086,-3.9790818972105,0.00050944589823194,0.0133157005877321,-0.697842269543654
Card9,0.179147630926048,6.63283548959519,3.80268723498009,0.00080240007323694,0.0184357887794521,-0.704042297230501
Ctsh,0.124709653075892,7.23950529839329,4.00033094035729,0.0004822164805955,0.0128395771328654,-0.705128150755596
Rela,0.0994015744203531,7.04804859704827,3.9396626115989,0.00056403521600537,0.0143904746005909,-0.718613456838112
Ralgapa1,-0.0705681086235856,7.36576175640734,-4.02928361855941,0.00044741431296577,0.0121398416918048,-0.719980031279901
Ctsc,0.464207314090882,6.36423322566505,3.7095917943756,0.00101835372862493,0.0220300092972215,-0.730253147804733
Slc35g2,-0.177091533928213,6.26767977314271,-3.70693032629136,0.00102529943970583,0.0220300092972215,-0.736580106034326
Lgi4,0.0733024684188887,7.43039416395336,4.03010225325264,0.00044646722455755,0.0121398416918048,-0.745405751980467
Oprl1,-0.109594990785106,6.81790456523197,-3.85668779844882,0.00069846419664106,0.0168637669172067,-0.749498104329076
Fgd3,0.154703054875389,6.49567139273163,3.74061758062906,0.00094070943525041,0.0207758231087474,-0.758600202835947
Abcc3,0.430900675309354,5.98907409436129,3.69072645410098,0.00106859938973809,0.022558463463738,-0.763715762642474
Tmem179b,0.148701502666006,6.27206745680546,3.68732768333783,0.00107790618717961,0.0226917836990742,-0.775109604366731
Piwil2,-0.263880141982497,5.7702953487865,-3.70808122335372,0.00102229023360571,0.0220300092972215,-0.780209484966633
Msn,0.284123884199854,6.989752441199,3.87933425549492,0.00065892571292458,0.0162769886368972,-0.79202955098017
Abcd2,-0.0672542266073426,6.97741939121232,-3.88003677095982,0.00065773508044319,0.0162769886368972,-0.822436919505016
Pak4,0.0780408237416612,6.83751776218919,3.82839693952565,0.00075114766076616,0.0175892028947081,-0.824685213917494
Phyhd1,0.142449041799406,6.86061176930809,3.82993212028933,0.00074819119089898,0.0175681046939934,-0.831866597057084
Stbd1,0.412804005077015,5.76830375603558,3.69896541882384,0.00104636408613853,0.022358184610565,-0.837885338104523
Csf1r,0.118420834299556,7.48417799542749,4.00216700842824,0.00047993222190105,0.0128186896893385,-0.839018928192896
Htr2c,-0.262092834293072,6.70758386011453,-3.77597017410924,0.00085929836145998,0.0194812283697572,-0.849757693849392
Swap70,0.0737352709949048,6.96862232659709,3.85974196914822,0.00069299878795148,0.0167954174547991,-0.855889349686963
Atoh8,0.253822780111841,5.83843605921696,3.66225210586774,0.00114906565794995,0.0239322060502155,-0.862793074938302
Lrrk1,0.196121077048507,6.48896700184654,3.69112154245367,0.00106752264361025,0.022558463463738,-0.866991170287575
Nudt6,0.182487761966845,6.35360604537217,3.65290932360353,0.00117673717675014,0.024302160000528,-0.883934420632388
Insig1,-0.0954136540841738,6.99008170898822,-3.85556522561894,0.00070048366593318,0.0168648842048757,-0.894624448173504
Rgs3,0.107582855409016,7.00258837294665,3.84661700806445,0.00071678783655845,0.0170161600514083,-0.91286250080121
Olfml3,0.178732952406194,6.11351995080625,3.60851044051134,0.00131739791773478,0.0266819905281496,-0.924664147588182
Fcrl2,0.489123471296541,6.8605783845482,3.75139470240537,0.00091512140629014,0.0204135593366593,-0.944980108502611
Atf5,0.102538372579819,7.30460545782694,3.91173696133485,0.00060615733963217,0.015282674872673,-0.971587276663274
Cyp4v3,0.120821605258538,6.845126341175,3.76756097451492,0.00087801309904079,0.019748363046057,-0.975689270984533
Hap1,-0.0511692845716563,7.40857958649466,-3.93018923730748,0.00057799082522297,0.0147026416166095,-0.992587607929186
Lmbrd1,-0.0727273736202508,7.36432531270626,-3.91920719529937,0.00059459510979824,0.0150355159865255,-0.997268553713178
Kcnma1,-0.111394257980391,7.17473830615734,-3.8645098719884,0.00068455065617644,0.0167138921179505,-1.01580403363879
Slc29a3,0.109194070622098,6.94108514125119,3.78149527487224,0.00084721590510601,0.0192583892046305,-1.02311794022427
Syde1,0.194345177677095,6.32483433623041,3.58589028821119,0.00139524792061579,0.0274773824366431,-1.0257029264075
Nalcn,-0.100390737300606,7.36371945398459,-3.90645121243845,0.00061447197276558,0.0154207072317256,-1.02914853807686
Mcm7,0.107997205789549,6.86030177190355,3.75161180151164,0.00091461302764178,0.0204135593366593,-1.02937737822897
Irf5,0.136591358738014,6.81321803466804,3.73265653655981,0.00096006049907772,0.0210941827393762,-1.03188630551948
Gmfg,0.498596159485945,5.92444234624415,3.57445190592427,0.00143630623278236,0.0281562141550248,-1.03279908800791
Rras,0.202010885911606,6.7618265280074,3.70962203101022,0.00101827508460405,0.0220300092972215,-1.0336038136202
Stom,0.382274526036522,6.19424592501479,3.55851928285505,0.00149546704744501,0.0289835756338151,-1.04035092482242
Plce1,0.192814654567601,6.63342805572292,3.66165016450486,0.00115082914316586,0.0239322060502155,-1.04447978947317
Nxn,0.0995750776855287,6.76100194581132,3.70829240230317,0.00102173901232161,0.0220300092972215,-1.05246424035346
Cx3cr1,0.154072088998253,6.97052445530177,3.77438042775591,0.00086280608782838,0.0195090043192307,-1.05920554045737
Nr1h3,0.314292340059028,6.06132886122435,3.54623310090772,0.00154270441858072,0.0295638893847745,-1.06079254385422
Serpinh1,0.112003368076878,7.23577437466008,3.85031407084807,0.00071000682396805,0.0169797635272398,-1.0810021836854
Muc1,0.293582649586568,6.19829892791136,3.54104539253169,0.00156308383670932,0.0297542929896537,-1.0832279490417
Cdh11,-0.0601127100100415,7.26314750253376,-3.85936660195456,0.00069366822996888,0.0167954174547991,-1.08668546274174
Klk6,0.144598625854801,7.16529528922862,3.8235603406803,0.00076053730739853,0.017663892299824,-1.0934895370417
P2rx4,0.085979377852475,6.88355727013917,3.73356278982514,0.00095783811918979,0.0210941827393762,-1.09584828073015
Mfng,0.174378724549768,6.36481193636266,3.56141023813788,0.0014845587118272,0.0289032421639796,-1.10218662833474
Snapc2,0.0679365731832964,7.26561647730082,3.84965278129329,0.00071121508631705,0.0169797635272398,-1.10571327891618
Gpsm3,0.218106858767307,6.31061444743459,3.54702925293915,0.00153959982444108,0.0295638893847745,-1.10722466856353
Fos,0.333148822866202,6.46235426354015,3.56911314068649,0.00145587112178561,0.0284094303148439,-1.11892286962603
Fgr,0.648721976711174,6.09973711520213,3.51986121344538,0.00164906130883464,0.0306402761013254,-1.12090800435994
Cyp4f4,-0.316660978341489,6.24677204107602,-3.53264068515671,0.00159665909473594,0.0301250447741901,-1.12857930844298
Dhx58,0.359688400031477,6.1174645735186,3.51287252837239,0.00167842309579089,0.0309852891705135,-1.13407088043698
Slc1a5,0.324104243322627,6.18192433595955,3.51285301694945,0.00167850577816166,0.0309852891705135,-1.14178567167821
Slc3a2,0.0700801896779628,7.50984577394046,3.88716388004652,0.00064577502912641,0.0160916593992522,-1.14399749800678
Lyn,0.197558471001655,6.79287299192624,3.66857043943476,0.00113071385841068,0.023655856052172,-1.16013596290875
Tnfsf12,0.167759040062211,6.85302177593679,3.69060380686335,0.00106893386016309,0.022558463463738,-1.16426884329363
Fcgr1a,0.568230429483559,5.85127630425938,3.52291908827287,0.00163637206167306,0.030537275133449,-1.17351484929796
Bmp3,-0.245745353522178,6.22443639240041,-3.50939218344451,0.00169323445813128,0.0310926355695725,-1.1745537153269
Tp53i13,0.184077106367364,6.43314509634198,3.54292881187501,0.0015556548431884,0.029745373478146,-1.18275376209396
Rarb,-0.161256083099831,5.91490854732794,-3.49262583178186,0.00176638898914907,0.0319858616319007,-1.18470764545965
Chdh,0.342792020064801,6.13018854117424,3.48706724031239,0.00179131421489784,0.0322108769805263,-1.19178621133683
Taldo1,0.0482854253844376,7.37724699510708,3.83665986791342,0.00073536913389276,0.0173624309043686,-1.2069750788721
Impact,-0.0416066384705615,7.55906878961518,-3.87219321904232,0.00067114942844138,0.0164364302718867,-1.20766890458824
Arhgap22,0.157207425932685,6.45026445772254,3.53682250871997,0.00157986655576361,0.0299800272214318,-1.21027668355143
Myl12a,0.142623655467928,7.16378319513072,3.77163119930729,0.00086890536808637,0.0195950769948132,-1.2221110343792
Ttc3,-0.0482845905596301,7.75058664408914,-3.89795422884552,0.00062807393404928,0.015696338930758,-1.22228772461768
Zfp219,0.0800283163721622,7.06152075210299,3.74064031455099,0.00094065472680606,0.0207758231087474,-1.22747462551529
Wbp1l,0.0357451975832869,7.3454326512487,3.82129823069544,0.00076496840483314,0.0177039252668273,-1.2283454556113
Nthl1,0.267343969041041,6.08477721984756,3.46628484132024,0.00188757129453687,0.0336105663633471,-1.23494323609515
Plekho1,0.0951175192740401,7.06564093555108,3.73118618906618,0.00096367694924599,0.0211193509877064,-1.25252906927413
Gad2,-0.151546622698943,6.9846220038361,-3.70037219687377,0.00104261303344335,0.0223338686637601,-1.27467333890805
Ifi27,0.0847516619964885,7.32952772867541,3.79735773310449,0.00081344656090566,0.018639484600699,-1.27489461589467
Csf2ra,0.213086351663902,6.51390578611724,3.52204768987271,0.00163997837682417,0.0305378980102749,-1.28138809496494
Lrg1,0.769291309353579,5.81057280469936,3.48751782353301,0.00178928107837079,0.0322108769805263,-1.28275168920558
Dpyd,-0.188048399239202,6.5249614160625,-3.52578143871867,0.00162458039728084,0.0303835637977229,-1.30800798428361
Rin3,0.230721646432417,6.52435922567241,3.50838201281491,0.00169755723638019,0.0310926355695725,-1.31756087544148
Ampd3,0.0946362881264578,7.23344065267491,3.7532033685807,0.00091089452149842,0.0204135593366593,-1.32317587038287
Slc31a2,0.130368482752237,6.31338826336991,3.45340016375598,0.00194975488714576,0.0344526161052873,-1.32829100836583
Adamtsl4,0.334669933034128,6.27771053184385,3.43703385800029,0.00203161718349852,0.0355824427609874,-1.33604738353322
Pik3ap1,0.432020562978584,6.0405874577721,3.4109470552402,0.00216904645107898,0.0371519840027495,-1.35340124230671
Pdpn,0.245634171464688,7.12092804831332,3.69467769775566,0.00105787863904073,0.0225183381932738,-1.36135331463153
Tcaim,-0.0733691102227925,6.6759198336703,-3.55569321235878,0.0015062060929655,0.0291256639741541,-1.36197728787272
Bcar3,0.0763680840112959,6.84494875094751,3.60907253223065,0.00131551845542999,0.0266819905281496,-1.36870224091306
Phf5a,0.100952464112195,6.73652172699721,3.56047791705361,0.0014880680996829,0.0289057228363402,-1.38936503548201
Aqp4,0.0722705581350315,7.75238906022703,3.83015545901802,0.0007477620364748,0.0175681046939934,-1.38937175197937
Lrrtm3,-0.103196613032339,6.79366615347235,-3.58319697036705,0.00140481129536275,0.0276021198654378,-1.39840566058722
Elk3,0.117137329907996,6.8450869556711,3.59348445259081,0.00136862364028707,0.0271978772101592,-1.40143270258714
Ogt,-0.0461964134290152,7.51734150984326,-3.78376467347447,0.00084230157124895,0.0191977374119061,-1.41117308828042
Chrdl1,0.17036955071961,6.40126604386514,3.43601093267766,0.00203684313100356,0.0356010188971113,-1.41230297270606
Pcdh17,-0.124447489411873,7.0680979413129,-3.66812270835478,0.0011320048116694,0.023655856052172,-1.42297716206051
Gtf3a,0.109037223300235,6.69329403238848,3.52741257274295,0.00161789788949213,0.0303249413629151,-1.42983555979272
Slc25a40,-0.167981618728521,5.86818454087698,-3.37647795682076,0.00236453452938822,0.0395492693203152,-1.43500179621056
Cdkn1a,0.317912933625034,6.5513340349278,3.46025700256853,0.00191641883427254,0.0339826385405133,-1.436076532493
Aurka,0.137811103542762,6.36271665881532,3.4140248213866,0.00215237439523938,0.0369665708334276,-1.44308332265666
Szrd1,0.0774547729286112,7.22157135905204,3.69421500575482,0.00105912857771102,0.0225183381932738,-1.46300001251663
Unc5c,-0.115324152284402,6.99908057732078,-3.62798071995412,0.00125379909057391,0.0258222188605668,-1.46452020507422
Tnfrsf1b,0.383812559969875,5.90809832508281,3.36405307983192,0.0024391054047736,0.0405584317015563,-1.46547545511513
Glipr1,0.352298838386421,5.98245371215263,3.35709912158416,0.00248183053080501,0.0410294111156487,-1.46918873976848
Tec,0.231922087074212,6.23543217376641,3.36313919972042,0.00244467934685762,0.0405721832574604,-1.49328098207928
Mtmr10,0.078560959459002,6.96807648832026,3.60051610813653,0.00134441409956291,0.0269945940394132,-1.49387355270109
Grm7,-0.154273738452057,7.03593108798774,-3.6266077541518,0.0012581837394102,0.0258502317806225,-1.4984148463013
Elfn1,-0.155382427829001,6.95927457827985,-3.59821074330325,0.00135230488524625,0.0270682666374701,-1.50375354600201
S100a16,0.0803767035392094,7.25319235226637,3.68353828098069,0.00108837621648395,0.0228559005461629,-1.51008253840666
Fchsd1,0.153981889929244,6.44358838116558,3.4023685106472,0.00221618000150348,0.0376033938140483,-1.51874562347218
Smim3,0.148376313738656,6.52476851793879,3.42731573862465,0.00208179569279171,0.0360914965239164,-1.52104263986411
Itgad,0.244301270446586,7.00895061545796,3.58707702221374,0.00139105428665157,0.0274580623279699,-1.53463744678205
Dapp1,0.351749164321546,6.17073633335799,3.33241785043568,0.00263940184984541,0.0428935164444184,-1.53607326522473
Armc5,0.0556224268264064,7.18760910612711,3.65439976460258,0.00117227948777137,0.024302160000528,-1.53995555372998
Trpc7,-0.55387638042157,5.54133384447635,-3.38471476932727,0.00231632241803816,0.0388951035500436,-1.54445001373108
Plcd3,0.113134180909911,6.87026335510966,3.54151742073668,0.00156121871936762,0.0297542929896537,-1.5495666622496
Tns3,0.065461057193734,7.44092477734047,3.70671995034638,0.00102585043878485,0.0220300092972215,-1.5627722158267
Tor4a,0.131413049081338,6.49869297053576,3.40126352383687,0.00222232296245387,0.0376122660595905,-1.56384885744394
Galnt6,0.13624425795737,6.88229494704559,3.5359151239024,0.00158349556786407,0.0299800272214318,-1.5703408987747
Itfg1,-0.0618237979289485,7.53818171563156,-3.72043715731503,0.00099052382175062,0.0216141933692203,-1.57865441427906
Ybx3,0.133493937695443,7.12583232194133,3.614739703644,0.00129671489948983,0.0264511270786146,-1.58201937324796
Creg1,0.103317323851025,6.877776216276,3.53088659740687,0.00160375447645423,0.0301922676437319,-1.5829689920915
Irak3,0.241336643350657,6.13013014839749,3.30199891814728,0.00284695432817372,0.0450609604498163,-1.5980694788444
Dcc,-0.154652510468142,6.92989512393244,-3.54829479359516,0.00153467738149927,0.0295638893847745,-1.60022737056008
Tpm4,0.19700846341452,6.87943188940132,3.51780187972226,0.00165766086837782,0.0307332482473433,-1.60172026398619
C1r,0.199189405750085,6.93168913487855,3.53542345622725,0.00158546534504354,0.0299800272214318,-1.60375795802978
Hecw1,-0.137461582569461,6.78394389591933,-3.4930676964151,0.00176442217283538,0.0319858616319007,-1.60697856148275
Tor3a,0.112270064007024,6.64086284217855,3.4313808482477,0.00206066117477783,0.0358706131585053,-1.61203067228365
Usp29,-0.0713169708807765,7.0902327835366,-3.59303792846416,0.00137017528471548,0.0271978772101592,-1.62445348736277
Sall1,0.0989144478517946,7.09728922365673,3.58897981653927,0.00138435593242615,0.0273890975797368,-1.62749711518305
Sult5a1,0.192321560785338,6.02263969638494,3.28178569905747,0.0029935052625563,0.0462971289850617,-1.62789450768998
Hnrnpf,0.0881503349243527,7.15662997001927,3.60738968462487,0.00132115321299009,0.0266947908071543,-1.62963906869018
Tlr2,0.298184327183403,6.17964812191791,3.28658740990526,0.00295804541160102,0.0459680256962798,-1.64064273254043
Ppard,0.0816617864038508,7.07899162167425,3.57133208060986,0.0014477080337122,0.0283147838996297,-1.65774418388004
Elf1,0.203648752256767,6.34396300547968,3.3063390730432,0.00281640389015257,0.0447431302028513,-1.671262639866
Lat2,0.42541419966822,6.07181069026629,3.26015657253476,0.00315838614463112,0.0478629900322024,-1.67365402730434
Trim47,0.32149530889844,6.50625038785005,3.3406132585402,0.0025860357510724,0.0422616588229747,-1.67882840037131
Gpx8,0.114068195726285,6.65113881829861,3.40407767739055,0.00220671065344506,0.037571227001982,-1.68504265993118
Pik3cd,0.0895365576815177,6.95237233571905,3.50997831001499,0.00169073118839878,0.0310926355695725,-1.69912347304619
Rps27l,0.306789752628404,6.07202432725895,3.24731711410304,0.00326037232225482,0.0487174864306153,-1.70380721418947
Notch1,0.0685599121271432,7.32258129173983,3.6210164874485,0.00127619506708766,0.0261174355401529,-1.70922996147766
Alox5ap,0.394099504355979,6.10561593790523,3.24411497544318,0.00328629821846242,0.0489337820090563,-1.7127402011271
Cd38,0.254534391402377,6.5180744666224,3.33236408808286,0.00263975542877783,0.0428935164444184,-1.71944590648926
Slc17a8,-0.343655926718486,6.15222249510321,-3.25210887227641,0.00322194432870951,0.0483971145474169,-1.7218559075343
Dhcr24,-0.103208301978588,7.23749389607847,-3.59660296351893,0.00135783472973982,0.027115451951136,-1.72306355846091
Uap1l1,0.104805275239288,6.83289361523704,3.44382785623339,0.00199723688194953,0.0350521224435784,-1.75316971470351
Ca12,-0.199753501970435,6.97680632917482,-3.50079367641692,0.00173037495627469,0.0316015272463243,-1.75430791500798
Nol3,0.133765714441528,6.85809415071156,3.44660913652857,0.00198332616226264,0.0348818535851083,-1.7645145903228
Fli1,0.262675217134935,6.32337761208878,3.25714908186355,0.00318199547752347,0.0480503804706592,-1.76473437800307
Slc12a6,-0.0621968878289737,7.3233414672619,-3.60020805256071,0.00134546590157833,0.0269945940394132,-1.76763726814855
Nmrk1,-0.0990948724534308,6.33656273435953,-3.26950825164004,0.00308604899750565,0.0473875614830613,-1.76830208017858
Irf7,0.296667383218782,6.315613563241,3.25006137066717,0.00323831071523813,0.0484725773785294,-1.77313838584132
Fbxo9,-0.0484859413875129,7.32070631051025,-3.59265459205162,0.00137150872558542,0.0271978772101592,-1.78422746892587
Sgsm1,-0.0483264559185578,7.46234698123223,-3.62067581879778,0.0012773005798273,0.0261174355401529,-1.79074308968496
Ncf1,0.576920086584255,5.70730116906101,3.23601527952478,0.00335276738369897,0.0495780325752165,-1.79412179754169
Pou3f4,0.405258323091562,5.52416339607335,3.26841682861824,0.00309440822155425,0.0473875614830613,-1.80080314464825
Tifa,0.145019745187883,6.48105135548379,3.29026540771224,0.00293115878243019,0.0456331768914951,-1.80447268379758
Ncald,-0.0498575287227436,7.68112211719647,-3.65277184027759,0.00117714920325478,0.024302160000528,-1.80655774432774
Rundc3b,-0.0711004892214182,6.91719194819439,-3.4531493912772,0.0019509846957949,0.0344526161052873,-1.81800854898269
Oplah,0.110017103842215,7.16057853076807,3.52967627170401,0.00160866821397922,0.0302182136810557,-1.81974415179582
Aadat,0.198133474090299,6.5513507381864,3.30080217253453,0.00285543442851626,0.0451116415166884,-1.82872280131594
Lasp1,0.0437562416281084,7.52245635783093,3.61164278807969,0.00130695762430181,0.0265965876545419,-1.83732802233787
Irf1,0.161971312221467,6.58967926472172,3.31070751176446,0.00278597450611256,0.0445912436399701,-1.84279002992108
Npy1r,-0.157571614644521,6.62027849161746,-3.32714378143438,0.00267430699251575,0.0433724893074614,-1.85446242288347
Tagln,0.276675579078365,7.06317473936855,3.47069452538157,0.00186673564594475,0.0333263757681833,-1.85634571451276
Tox3,-0.0974100440662152,6.48691885978969,-3.26731674898565,0.00310285586330151,0.0473875614830613,-1.88018194990977
Negr1,-0.144516798063605,6.8730314496662,-3.4075018654886,0.00218785748250635,0.0373245866326982,-1.89013961295806
Slc25a14,-0.0571674946006836,7.05515226333777,-3.47048683384055,0.00186771194488824,0.0333263757681833,-1.89326438469625
Elovl4,-0.0836959894827729,6.89098104065552,-3.40993976112711,0.00217453006664219,0.0371714169591816,-1.89923152531362
Fabp7,0.105660923193817,7.3452569788751,3.54751252297898,0.00153771828489865,0.0295638893847745,-1.89987350413733
Cntn1,-0.0691105966784411,7.61671041738425,-3.60429867964654,0.00133156444614265,0.0268417012292011,-1.89997916355937
Rufy1,0.0550033828928466,7.05078096331435,3.46189387556742,0.00190854310386923,0.0339133428456763,-1.90273678972166
Slc15a3,0.161496076912505,6.63867313005339,3.29352782324809,0.00290750783427926,0.045430474331965,-1.92547784372699
Id1,0.16623393408242,6.67716805700584,3.30758017905779,0.00280772615099257,0.0447347532369284,-1.92630887138487
Trem2,0.234761780303333,6.81863377576206,3.35512050449274,0.0024941190459198,0.0411009441428274,-1.92853110783774
Tmem204,-0.15157794301852,6.4623167931839,-3.23458603282165,0.00336463008637262,0.0495818850831496,-1.93563165212959
Slit2,-0.139800774979228,7.20157521139757,-3.49550440485042,0.00175361418362607,0.0319576554956332,-1.94552481245919
Dhx36,-0.0666395156698694,7.13976002264837,-3.4761830421704,0.00184111479174937,0.0329895348534212,-1.94754500276191
Sema4g,-0.0972260259627305,6.8671393100444,-3.36775987655518,0.0024166228835644,0.0402629157618419,-1.97937118497606
Ctnna1,0.077023815619526,7.30030621871848,3.49394007586777,0.00176054531576312,0.0319858616319007,-2.00559092187269
Ier5l,0.213312742997107,6.58769061439167,3.23031623806173,0.00340031073669152,0.0498498385360247,-2.01810573228402
Anks1a,0.0725073691542814,7.15497937266219,3.4465835023673,0.00198345394201037,0.0348818535851083,-2.02169979811827
Kitlg,-0.124245581322575,6.79180795356947,-3.31820762605369,0.00273447061515373,0.0440361089473875,-2.02998858063306
Slc44a2,0.0591925836121859,7.32670068875172,3.48986860947085,0.0017787101453645,0.0321408786732144,-2.03345183589241
Gria4,-0.0582989305274503,7.09797853568784,-3.41413837978654,0.00215176164201471,0.0369665708334276,-2.0644403200675
Acvr2a,-0.109734999448716,6.80132711256255,-3.30716264688275,0.0028106426217656,0.0447347532369284,-2.06457294344782
Tagln2,0.239114250020362,7.01184319773134,3.36855223589232,0.00241184316796643,0.0402617647590021,-2.06657924168355
Rcan1,0.0581303654750252,7.1787858335995,3.43308329222206,0.00205187219850926,0.0357905136339972,-2.07341331988861
Tp53,0.0870817798785951,7.05322323302642,3.38830310506765,0.00229561829660795,0.0386233259470633,-2.07819220554606
Gpr61,-0.111128044394237,6.7083569377154,-3.26413822533862,0.00312738939144559,0.0475504980676281,-2.08140043330477
Pank1,-0.114452135101947,6.63738002609241,-3.23519173941562,0.00335959780847806,0.0495818850831496,-2.08375672066089
Entpd2,0.0936221880472804,7.14588852554762,3.4137428973246,0.00215389637007687,0.0369665708334276,-2.09142543733537
C1qtnf5,0.10314603174642,6.97512688065782,3.35139014071177,0.00251744753445212,0.0413781232249275,-2.09774183926276
Pabpc1,0.0774549476103085,7.55517502269376,3.50807521845402,0.00169887221375808,0.0310926355695725,-2.10425311960246
Ppp2r1b,0.112967130095154,6.78994573795398,3.27295640075906,0.003059782564545,0.0472057068215994,-2.11797001254164
Sqle,-0.0581719932440606,7.20758206920337,-3.4219349120847,0.00211009454319481,0.0365080527544252,-2.12692151033022
Acadl,0.0685963227087159,6.99648447758439,3.34833266596964,0.00253672542985645,0.0415352341934541,-2.12733132577843
Eef1d,0.0489809174204693,7.25717724853293,3.42850829215071,0.00207557388294322,0.0360567682469831,-2.13840309241727
Hopx,0.170182382579605,6.89668353136191,3.2958661918561,0.0028906693452355,0.0452500932119558,-2.1510776350112
Rps6ka1,0.104273578045828,6.90046305267063,3.29648376398498,0.00288623799005973,0.0452500932119558,-2.16249486066666
Tmem63c,-0.0741547217803328,7.23933677274578,-3.41533917996075,0.00214529255988789,0.0369665708334276,-2.16461730846608
Fstl5,-0.119385595894007,6.82013238189068,-3.26960257287426,0.00308532761410682,0.0473875614830613,-2.16975303982473
Nae1,-0.0709436626401086,6.78443299670565,-3.2506184125388,0.00323385016334068,0.0484725773785294,-2.18144513045504
Tprn,0.0651569695146379,7.02156346376141,3.33342329473814,0.00263279777999769,0.0428935164444184,-2.18483581393047
Lmna,0.084032476399833,7.20233169527596,3.38273093920062,0.00232784639492474,0.0390119669361211,-2.20872280240292
Rpl3,0.0441195237914913,7.67527281535594,3.48649711945294,0.00179388995468943,0.0322108769805263,-2.20945106492994
Ubr1,-0.0683708114971291,7.09048982930204,-3.34845112282949,0.0025359758847426,0.0415352341934541,-2.21599391051468
Usp31,-0.0697985524760619,7.14728529560616,-3.35485457531173,0.00249577512696003,0.0411009441428274,-2.24528167344979
Rgma,0.0646814485951494,7.30450855337896,3.39464074508717,0.00225948867358246,0.0380904333197421,-2.24953615352229
Emc8,0.0822996345547742,6.83563827246167,3.23237255937977,0.00338308174055864,0.0497679856050856,-2.25832972693238
Ddx41,0.0680139622294453,6.9953547871843,3.29139670167161,0.0029229364675001,0.0455882080067944,-2.26157451391049
Mark1,-0.0515064807263544,7.07827219883116,-3.31370259370556,0.00276529550894576,0.044426655479247,-2.28819786865
Cdh9,-0.143655207068925,7.05665533141882,-3.29861693397054,0.00287098198976481,0.0452096179291297,-2.30724270879666
Map4k5,-0.0496815893175998,7.09089414803369,-3.29844410665101,0.00287221510887065,0.0452096179291297,-2.33476163914522
Pcna,0.109359712605291,7.00252555849583,3.25943975777494,0.00316399787602555,0.0478631678697174,-2.33834732549048
Cnr1,-0.0851594039615872,7.51418120583241,-3.40214897697295,0.00221739914382594,0.0376033938140483,-2.34887133157534
Spock3,-0.0992890259109755,7.17750799781995,-3.31800732150203,0.00273583407640842,0.0440361089473875,-2.35559262633119
Tle3,0.0472879875868058,7.17046235552708,3.30729463030407,0.00280972039844017,0.0447347532369284,-2.36981939390536
Elp2,-0.0506513959553683,7.21583175292798,-3.31884265206902,0.00273015237370959,0.0440361089473875,-2.37946277111971
Rbm42,0.0454585662839044,7.23316813639526,3.32108444280614,0.00271496064847239,0.0439484254971468,-2.3805988225471
Ehd4,0.107421501874015,7.00831873439682,3.23993657090845,0.00332042750500778,0.0491849114130009,-2.38938959583058
Ubr7,0.0562955108918593,7.09233383456913,3.26351753749817,0.00313220199041472,0.0475504980676281,-2.41123328829674
Nlgn1,-0.0792267839717165,7.09896738913857,-3.26852299789611,0.003093594110839,0.0473875614830613,-2.41309014451861
Rims2,-0.0555929811449601,7.17963467780766,-3.28386147004675,0.00297812593673377,0.0461960841765218,-2.43779032150622
Arhgdia,0.0510579674105926,7.7145666403596,3.39536329459596,0.00225540475381638,0.0380904333197421,-2.44661279423651
Tmem176b,0.148202714881534,7.34366942163997,3.31252032862205,0.00277344045069808,0.0444739128182297,-2.46228770728126
Slitrk1,-0.086785557803138,7.2893805715983,-3.302347935218,0.00284448579287191,0.0450609604498163,-2.46816060768467
Plod1,0.0698494638824666,7.1175297888691,3.24281005314269,0.00329692035509841,0.0490065709130889,-2.47937297264508
Litaf,0.134446020594874,7.15612739346131,3.24618796298861,0.00326949181983867,0.0487684931660752,-2.49292584030042
Cacna2d1,-0.112157824943948,7.27254428500405,-3.28152078175857,0.00299547353793601,0.0462971289850617,-2.50737250751186
Sf3a2,0.0562110171785039,7.15420421407848,3.23122786952557,0.00339266217401257,0.0498231676998031,-2.53686483676356
Unc79,-0.0854249569306261,7.27072733161056,-3.26705929005574,0.00310483613320631,0.0473875614830613,-2.54005829582411
Npc2,0.144410121918083,7.43608764871601,3.29639226394149,0.00288689412912281,0.0452500932119558,-2.55380572167742
Slco1c1,-0.102071293611036,7.26605559462043,-3.25548889670872,0.00319510107762348,0.0481631903182502,-2.56477837261804
Tmed10,0.0497739025997086,7.25251180078671,3.24101287534459,0.00331160369178754,0.0491393693640766,-2.58321698360433
Rab31,0.0617930442166508,7.36118137317729,3.26511930092132,0.00311979702319034,0.0475310252356646,-2.59402114503939
Txnip,0.0866727460955014,7.25513594357766,3.22893669922847,0.00341191664322127,0.0499343348452264,-2.61068722216802
Map1b,-0.051103928292242,7.97570757268257,-3.35870924328082,0.0024718739111727,0.040944004493785,-2.64696257639166
Usp11,-0.0423387112531406,7.49724515922159,-3.25406296324126,0.00320639904335105,0.0482484025061997,-2.69455693532385
